consumer_id,name,email,gender,age,business_id
1,Manfred Colnet,mcolnet0@jalbum.net,Male,46,22
2,Annie Christley,achristley1@ovh.net,Female,20,23
3,Merrili Barhims,mbarhims2@wordpress.com,Female,29,17
4,Merralee Bjerkan,mbjerkan3@ning.com,Female,42,28
5,Erika Iacovides,eiacovides4@mac.com,Female,40,1
6,Hildagarde Skip,hskip5@walmart.com,Female,43,30
7,Melicent Sapwell,msapwell6@yolasite.com,Female,28,9
8,Rubina Norster,rnorster7@census.gov,Female,50,26
9,Jeth Officer,jofficer8@ihg.com,Male,31,26
10,Annamarie Scargle,ascargle9@walmart.com,Female,39,4
11,Sheree Conner,sconnera@tinyurl.com,Female,30,19
12,Kathie Dax,kdaxb@pagesperso-orange.fr,Female,41,1
13,Ashlie Talman,atalmanc@phoca.cz,Female,23,5
14,Laurianne Speenden,lspeendend@newyorker.com,Female,49,6
15,Kellen Yablsley,kyablsleye@zdnet.com,Female,23,15
16,Bradly Bianco,bbiancof@japanpost.jp,Male,48,27
17,Cris Tobin,ctobing@umn.edu,Female,43,6
18,Steffi Kivits,skivitsh@etsy.com,Female,33,28
19,Jerad Wloch,jwlochi@cbslocal.com,Male,49,10
20,Lew Hastings,lhastingsj@addtoany.com,Male,20,16
21,Abbot Dalgardno,adalgardnok@usgs.gov,Male,32,24
22,Lucila Belamy,lbelamyl@deliciousdays.com,Female,39,15
23,Silvio Towell,stowellm@deliciousdays.com,Male,40,26
24,Chad Schutter,cschuttern@ifeng.com,Male,36,29
25,Stearn de Tocqueville,sdeo@latimes.com,Male,20,21
26,Alejoa Rookledge,arookledgep@aboutads.info,Male,24,17
27,Paige Pochet,ppochetq@hugedomains.com,Male,40,4
28,Fransisco Gemelli,fgemellir@globo.com,Male,28,23
29,Cathi Manass,cmanasss@nytimes.com,Female,43,20
30,Dermot Pactat,dpactatt@mail.ru,Male,28,8
31,Frannie Stilliard,fstilliardu@amazonaws.com,Male,25,23
32,Valery Gornar,vgornarv@hibu.com,Female,50,13
33,Gwenette Bunn,gbunnw@va.gov,Agender,24,13
34,Natalee Briggdale,nbriggdalex@bravesites.com,Female,23,28
35,Courtnay Hundey,chundeyy@github.io,Female,42,4
36,Pris Abrey,pabreyz@newsvine.com,Female,32,2
37,Cedric Dodshon,cdodshon10@harvard.edu,Male,46,28
38,Gardy Rolin,grolin11@sbwire.com,Male,30,26
39,Millie Habbal,mhabbal12@taobao.com,Female,49,3
40,Marlo Meeking,mmeeking13@privacy.gov.au,Male,40,16
41,Angelle Oakinfold,aoakinfold14@comsenz.com,Female,28,22
42,Georgi Jinkinson,gjinkinson15@mashable.com,Male,41,5
43,Edyth Bragger,ebragger16@samsung.com,Agender,42,13
44,Alberto Kief,akief17@thetimes.co.uk,Male,22,8
45,Jean Angeli,jangeli18@networksolutions.com,Female,21,20
46,Minnnie Stener,mstener19@paypal.com,Female,42,2
47,Lorena Gibbetts,lgibbetts1a@behance.net,Female,45,17
48,Torr Lambswood,tlambswood1b@intel.com,Male,30,13
49,Cacilia Simants,csimants1c@studiopress.com,Female,20,9
50,Joyann Kelsow,jkelsow1d@homestead.com,Female,24,24
51,Culver Haslock(e),chaslocke1e@liveinternet.ru,Male,35,29
52,Dasi McDavid,dmcdavid1f@mashable.com,Female,21,24
53,Mackenzie Reeken,mreeken1g@yahoo.co.jp,Male,26,19
54,Angele Howlett,ahowlett1h@arizona.edu,Female,44,3
55,Haslett Menpes,hmenpes1i@paypal.com,Male,49,27
56,Al Vowles,avowles1j@simplemachines.org,Male,29,17
57,Marja McGeachey,mmcgeachey1k@sina.com.cn,Female,44,15
58,Miner Necolds,mnecolds1l@plala.or.jp,Male,25,18
59,Torey Illes,tilles1m@army.mil,Female,38,15
60,Gay Lavens,glavens1n@biglobe.ne.jp,Female,38,25
61,Cairistiona Florence,cflorence1o@last.fm,Female,30,19
62,Mallory Buddles,mbuddles1p@spotify.com,Male,50,22
63,Torey Joly,tjoly1q@seesaa.net,Female,46,17
64,Julita Mariner,jmariner1r@buzzfeed.com,Female,22,3
65,Chastity Cutteridge,ccutteridge1s@jiathis.com,Female,28,21
66,Juana Brader,jbrader1t@timesonline.co.uk,Genderqueer,29,1
67,Keeley Mundwell,kmundwell1u@cbslocal.com,Polygender,22,30
68,Alana Waters,awaters1v@t-online.de,Female,23,28
69,Madge Haburne,mhaburne1w@pen.io,Female,33,15
70,Ezekiel Heatlie,eheatlie1x@artisteer.com,Male,24,23
71,Ilsa Garrow,igarrow1y@sina.com.cn,Female,46,21
72,Lorraine Tuer,ltuer1z@examiner.com,Female,25,30
73,Mae Acory,macory20@youtu.be,Female,37,16
74,Redford Norvill,rnorvill21@nyu.edu,Male,43,28
75,Putnam Nelmes,pnelmes22@hatena.ne.jp,Male,45,8
76,Antonetta Lay,alay23@printfriendly.com,Genderqueer,33,25
77,Brooks Breslin,bbreslin24@dyndns.org,Female,44,29
78,Valera Noton,vnoton25@census.gov,Female,34,24
79,Vidovik Rowland,vrowland26@soup.io,Male,27,5
80,Samara Thairs,sthairs27@plala.or.jp,Female,23,17
81,Tatiana Leaburn,tleaburn28@goodreads.com,Female,40,15
82,Rois Duffett,rduffett29@google.fr,Female,43,15
83,Melesa Pointon,mpointon2a@cyberchimps.com,Female,49,13
84,Melisande Minto,mminto2b@google.com,Female,26,26
85,Audrey Mollon,amollon2c@miitbeian.gov.cn,Genderfluid,27,26
86,Stearne Toffoletto,stoffoletto2d@wsj.com,Male,32,5
87,Bear Beirne,bbeirne2e@i2i.jp,Male,35,15
88,Revkah Stichall,rstichall2f@state.gov,Female,38,21
89,Kania Polycote,kpolycote2g@usatoday.com,Female,35,29
90,Thaxter Kidson,tkidson2h@last.fm,Male,31,4
91,Marguerite d'Escoffier,mdescoffier2i@de.vu,Female,37,22
92,Starr Hamblington,shamblington2j@stumbleupon.com,Genderqueer,50,1
93,Wylma Ben,wben2k@wikipedia.org,Female,28,26
94,Kincaid Foulstone,kfoulstone2l@lycos.com,Male,49,9
95,Gilbertina Feifer,gfeifer2m@upenn.edu,Female,23,10
96,Hillyer Tichner,htichner2n@oracle.com,Male,25,6
97,Marguerite Piddlesden,mpiddlesden2o@rediff.com,Female,47,22
98,Chrissy Daniel,cdaniel2p@xrea.com,Female,25,28
99,Gregorio Wormald,gwormald2q@vkontakte.ru,Male,29,30
100,Sidnee Abbie,sabbie2r@flavors.me,Bigender,35,16
